<soap:Envelope xmlns:soap="http://schemas.xmlsoap.org/soap/envelope/">
   <soap:Body>
      <ns1:getFacilitiesResponse xmlns:ns1="http://service.newyse.ws.services.newyse.maxxton/">
         <return xmlns:ns2="http://service.newyse.ws.services.newyse.maxxton/">
            <Facilities>
               <FacilityItem>
                  <FacilityId>13718</FacilityId>
                  <Priority>500</Priority>
                  <Code>giftshop_RVSV</Code>
                  <Language>en</Language>
                  <Name>Giftshop</Name>
                  <Description>Het park beschikt over een winkel/kadoshop.</Description>
                  <AddressmanagerId>75569361</AddressmanagerId>
                  <Resorts>
                     <ResortItem>
                        <ResortParentId xsi:nil="true" xmlns:xsi="http://www.w3.org/2001/XMLSchema-instance"/>
                        <Code>RVSV</Code>
                        <Name>Scheveningen</Name>
                        <ShortDescription xsi:nil="true" xmlns:xsi="http://www.w3.org/2001/XMLSchema-instance"/>
                        <Description xsi:nil="true" xmlns:xsi="http://www.w3.org/2001/XMLSchema-instance"/>
                        <Language>en</Language>
                     </ResortItem>
                  </Resorts>
                  <OpeningTimes/>
               </FacilityItem>
               <FacilityItem>
                  <FacilityId>13719</FacilityId>
                  <Priority>500</Priority>
                  <Code>marina_RVSV</Code>
                  <Language>en</Language>
                  <Name>Dock</Name>
                  <Description>Direct bij het park is een jachthaven aanwezig.</Description>
                  <AddressmanagerId>75569363</AddressmanagerId>
                  <Resorts>
                     <ResortItem>
                        <ResortParentId xsi:nil="true" xmlns:xsi="http://www.w3.org/2001/XMLSchema-instance"/>
                        <Code>RVSV</Code>
                        <Name>Scheveningen</Name>
                        <ShortDescription xsi:nil="true" xmlns:xsi="http://www.w3.org/2001/XMLSchema-instance"/>
                        <Description xsi:nil="true" xmlns:xsi="http://www.w3.org/2001/XMLSchema-instance"/>
                        <Language>en</Language>
                     </ResortItem>
                  </Resorts>
                  <OpeningTimes/>
               </FacilityItem>
            </Facilities>
         </return>
      </ns1:getFacilitiesResponse>
   </soap:Body>
</soap:Envelope>