<soap:Envelope xmlns:soap="http://schemas.xmlsoap.org/soap/envelope/">
   <soap:Body>
      <ns1:getPropertiesResponse xmlns:ns1="http://service.newyse.ws.services.newyse.maxxton/">
         <return xmlns:ns2="http://service.newyse.ws.services.newyse.maxxton/">
            <Properties>
               <PropertyItem>
                  <PropertydefId>1798</PropertydefId>
                  <PropertyManagerId>4225</PropertyManagerId>
                  <Code>vrs</Code>
                  <Name>full detached</Name>
                  <Description xsi:nil="true" xmlns:xsi="http://www.w3.org/2001/XMLSchema-instance"/>
                  <GroupCode>alg</GroupCode>
                  <GroupName>General features</GroupName>
                  <Partial>true</Partial>
                  <HasPreferenceCosts>false</HasPreferenceCosts>
                  <Value xsi:nil="true" xmlns:xsi="http://www.w3.org/2001/XMLSchema-instance"/>
                  <StartDate xsi:nil="true" xmlns:xsi="http://www.w3.org/2001/XMLSchema-instance"/>
                  <EndDate xsi:nil="true" xmlns:xsi="http://www.w3.org/2001/XMLSchema-instance"/>
               </PropertyItem>
               <PropertyItem>
                  <PropertydefId>1571</PropertydefId>
                  <PropertyManagerId>4225</PropertyManagerId>
                  <Code>hif</Code>
                  <Name>hifi set / redio with cd player</Name>
                  <Description xsi:nil="true" xmlns:xsi="http://www.w3.org/2001/XMLSchema-instance"/>
                  <GroupCode>woon</GroupCode>
                  <GroupName>Livingroom</GroupName>
                  <Partial>true</Partial>
                  <HasPreferenceCosts>false</HasPreferenceCosts>
                  <Value xsi:nil="true" xmlns:xsi="http://www.w3.org/2001/XMLSchema-instance"/>
                  <StartDate xsi:nil="true" xmlns:xsi="http://www.w3.org/2001/XMLSchema-instance"/>
                  <EndDate xsi:nil="true" xmlns:xsi="http://www.w3.org/2001/XMLSchema-instance"/>
               </PropertyItem>
               <PropertyItem>
                  <PropertydefId>168595</PropertydefId>
                  <PropertyManagerId>4225</PropertyManagerId>
                  <Code>intacctb</Code>
                  <Name>WiFi in your accommodation (fees apply)</Name>
                  <Description xsi:nil="true" xmlns:xsi="http://www.w3.org/2001/XMLSchema-instance"/>
                  <GroupCode>woon</GroupCode>
                  <GroupName>Livingroom</GroupName>
                  <Partial>true</Partial>
                  <HasPreferenceCosts>false</HasPreferenceCosts>
                  <Value xsi:nil="true" xmlns:xsi="http://www.w3.org/2001/XMLSchema-instance"/>
                  <StartDate>2012-07-01T00:00:00+02:00</StartDate>
                  <EndDate xsi:nil="true" xmlns:xsi="http://www.w3.org/2001/XMLSchema-instance"/>
               </PropertyItem>
               <PropertyItem>
                  <PropertydefId>1706</PropertydefId>
                  <PropertyManagerId>4225</PropertyManagerId>
                  <Code>slo</Code>
                  <Name>bedroom(s) upstairs</Name>
                  <Description xsi:nil="true" xmlns:xsi="http://www.w3.org/2001/XMLSchema-instance"/>
                  <GroupCode>slaap</GroupCode>
                  <GroupName>Bedroom</GroupName>
                  <Partial>true</Partial>
                  <HasPreferenceCosts>false</HasPreferenceCosts>
                  <Value>3</Value>
                  <StartDate xsi:nil="true" xmlns:xsi="http://www.w3.org/2001/XMLSchema-instance"/>
                  <EndDate xsi:nil="true" xmlns:xsi="http://www.w3.org/2001/XMLSchema-instance"/>
               </PropertyItem>
               <PropertyItem>
                  <PropertydefId>1637</PropertydefId>
                  <PropertyManagerId>4225</PropertyManagerId>
                  <Code>mag</Code>
                  <Name>micro-wave oven</Name>
                  <Description xsi:nil="true" xmlns:xsi="http://www.w3.org/2001/XMLSchema-instance"/>
                  <GroupCode>keuk</GroupCode>
                  <GroupName>Kitchen</GroupName>
                  <Partial>true</Partial>
                  <HasPreferenceCosts>false</HasPreferenceCosts>
                  <Value xsi:nil="true" xmlns:xsi="http://www.w3.org/2001/XMLSchema-instance"/>
                  <StartDate xsi:nil="true" xmlns:xsi="http://www.w3.org/2001/XMLSchema-instance"/>
                  <EndDate xsi:nil="true" xmlns:xsi="http://www.w3.org/2001/XMLSchema-instance"/>
               </PropertyItem>
               <PropertyItem>
                  <PropertydefId>1423</PropertydefId>
                  <PropertyManagerId>4225</PropertyManagerId>
                  <Code>apd</Code>
                  <Name>Separate shower(s)</Name>
                  <Description xsi:nil="true" xmlns:xsi="http://www.w3.org/2001/XMLSchema-instance"/>
                  <GroupCode>bad</GroupCode>
                  <GroupName>Bathroom</GroupName>
                  <Partial>true</Partial>
                  <HasPreferenceCosts>false</HasPreferenceCosts>
                  <Value xsi:nil="true" xmlns:xsi="http://www.w3.org/2001/XMLSchema-instance"/>
                  <StartDate xsi:nil="true" xmlns:xsi="http://www.w3.org/2001/XMLSchema-instance"/>
                  <EndDate xsi:nil="true" xmlns:xsi="http://www.w3.org/2001/XMLSchema-instance"/>
               </PropertyItem>
               <PropertyItem>
                  <PropertydefId>1427</PropertydefId>
                  <PropertyManagerId>4225</PropertyManagerId>
                  <Code>bab</Code>
                  <Name>bathroom(s) downstairs</Name>
                  <Description xsi:nil="true" xmlns:xsi="http://www.w3.org/2001/XMLSchema-instance"/>
                  <GroupCode>bad</GroupCode>
                  <GroupName>Bathroom</GroupName>
                  <Partial>true</Partial>
                  <HasPreferenceCosts>false</HasPreferenceCosts>
                  <Value>1</Value>
                  <StartDate xsi:nil="true" xmlns:xsi="http://www.w3.org/2001/XMLSchema-instance"/>
                  <EndDate xsi:nil="true" xmlns:xsi="http://www.w3.org/2001/XMLSchema-instance"/>
               </PropertyItem>
               <PropertyItem>
                  <PropertydefId>1475</PropertydefId>
                  <PropertyManagerId>4225</PropertyManagerId>
                  <Code>bru</Code>
                  <Name>bubble bath</Name>
                  <Description xsi:nil="true" xmlns:xsi="http://www.w3.org/2001/XMLSchema-instance"/>
                  <GroupCode>bad</GroupCode>
                  <GroupName>Bathroom</GroupName>
                  <Partial>true</Partial>
                  <HasPreferenceCosts>false</HasPreferenceCosts>
                  <Value xsi:nil="true" xmlns:xsi="http://www.w3.org/2001/XMLSchema-instance"/>
                  <StartDate xsi:nil="true" xmlns:xsi="http://www.w3.org/2001/XMLSchema-instance"/>
                  <EndDate xsi:nil="true" xmlns:xsi="http://www.w3.org/2001/XMLSchema-instance"/>
               </PropertyItem>
               <PropertyItem>
                  <PropertydefId>1695</PropertydefId>
                  <PropertyManagerId>4225</PropertyManagerId>
                  <Code>sau</Code>
                  <Name>Sauna</Name>
                  <Description xsi:nil="true" xmlns:xsi="http://www.w3.org/2001/XMLSchema-instance"/>
                  <GroupCode>bad</GroupCode>
                  <GroupName>Bathroom</GroupName>
                  <Partial>true</Partial>
                  <HasPreferenceCosts>false</HasPreferenceCosts>
                  <Value xsi:nil="true" xmlns:xsi="http://www.w3.org/2001/XMLSchema-instance"/>
                  <StartDate xsi:nil="true" xmlns:xsi="http://www.w3.org/2001/XMLSchema-instance"/>
                  <EndDate xsi:nil="true" xmlns:xsi="http://www.w3.org/2001/XMLSchema-instance"/>
               </PropertyItem>
            </Properties>
         </return>
      </ns1:getPropertiesResponse>
   </soap:Body>
</soap:Envelope>