{	
"apt": "apt 104",
	"amenity_categories": ["kitchen","internet"],
	"bathrooms": 1.5,
	"bedrooms": 3,
	"beds": 3,
	"cancellation_policy_category": "flexible",
	"check_in_time": 10,
	"check_out_time": 14,
	"city": "sunnyvale",
	"country_code": "US",
	"listing_currency": "USD",
	"directions": "text for directions",
	"house_rules": "text for house rules",
	"listing_cleaning_fee": 100,
	"listing_extra_person_price": 50,
	"guests_included": 4,
	"lat" : 37.350188,
	"lng": -122.05477,
	"max_nights_input_value": 4,
	"min_nights_input_value": 2,
	"listing_monthly_price": 2000,
	"name": "Amazing new listing",
	"person_capacity": 2,
	"property_type_category": "apartment",
	"listing_price": 105,
	"room_type_category": "entire_home",
	"listing_security_deposit": 500,
	"state": "CA",
	"street": "1350 wright ave",
	"user_defined_location": true,
	"listing_weekend_price": 400,
	"listing_weekly_price": 500,
	"zipcode": "94087",
	"instant_book_welcome_message": "test msg2",
	"instant_booking_lead_time_category": "3_days",
  	"instant_booking_allowed_category": "everyone"
}